CREATE DATABASE  IF NOT EXISTS `emtour` /*!40100 DEFAULT CHARACTER SET utf8 */;
USE `emtour`;
-- MySQL dump 10.13  Distrib 5.7.17, for Win64 (x86_64)
--
-- Host: localhost    Database: emtour
-- ------------------------------------------------------
-- Server version	5.7.18-log

/*!40101 SET @OLD_CHARACTER_SET_CLIENT=@@CHARACTER_SET_CLIENT */;
/*!40101 SET @OLD_CHARACTER_SET_RESULTS=@@CHARACTER_SET_RESULTS */;
/*!40101 SET @OLD_COLLATION_CONNECTION=@@COLLATION_CONNECTION */;
/*!40101 SET NAMES utf8 */;
/*!40103 SET @OLD_TIME_ZONE=@@TIME_ZONE */;
/*!40103 SET TIME_ZONE='+00:00' */;
/*!40014 SET @OLD_UNIQUE_CHECKS=@@UNIQUE_CHECKS, UNIQUE_CHECKS=0 */;
/*!40014 SET @OLD_FOREIGN_KEY_CHECKS=@@FOREIGN_KEY_CHECKS, FOREIGN_KEY_CHECKS=0 */;
/*!40101 SET @OLD_SQL_MODE=@@SQL_MODE, SQL_MODE='NO_AUTO_VALUE_ON_ZERO' */;
/*!40111 SET @OLD_SQL_NOTES=@@SQL_NOTES, SQL_NOTES=0 */;

--
-- Table structure for table `bill`
--

DROP TABLE IF EXISTS `bill`;
/*!40101 SET @saved_cs_client     = @@character_set_client */;
/*!40101 SET character_set_client = utf8 */;
CREATE TABLE `bill` (
  `idbill` int(10) unsigned NOT NULL AUTO_INCREMENT,
  `customer_idcustomer` int(10) unsigned NOT NULL,
  `funspark_recommendation_idfunspark_recommendation` int(10) unsigned NOT NULL,
  `emtour_recommendation_idemtour_recommendation` int(11) NOT NULL,
  `paymentStatus` tinyint(1) DEFAULT NULL,
  PRIMARY KEY (`idbill`),
  KEY `bill_FKIndex1` (`emtour_recommendation_idemtour_recommendation`),
  KEY `bill_FKIndex2` (`funspark_recommendation_idfunspark_recommendation`),
  KEY `bill_FKIndex3` (`customer_idcustomer`)
) ENGINE=InnoDB AUTO_INCREMENT=4 DEFAULT CHARSET=utf8;
/*!40101 SET character_set_client = @saved_cs_client */;

--
-- Dumping data for table `bill`
--

LOCK TABLES `bill` WRITE;
/*!40000 ALTER TABLE `bill` DISABLE KEYS */;
INSERT INTO `bill` VALUES (1,136,7,10,0),(2,137,8,11,0),(3,138,9,12,1);
/*!40000 ALTER TABLE `bill` ENABLE KEYS */;
UNLOCK TABLES;

--
-- Table structure for table `customer`
--

DROP TABLE IF EXISTS `customer`;
/*!40101 SET @saved_cs_client     = @@character_set_client */;
/*!40101 SET character_set_client = utf8 */;
CREATE TABLE `customer` (
  `idcustomer` int(10) unsigned NOT NULL AUTO_INCREMENT,
  `name` varchar(255) DEFAULT NULL,
  `lastName` varchar(255) DEFAULT NULL,
  `birthDate` timestamp NULL DEFAULT NULL,
  `email` varchar(255) DEFAULT NULL,
  `budget` float DEFAULT NULL,
  `desiredCity` varchar(255) DEFAULT NULL,
  `travelStartDate` timestamp NULL DEFAULT NULL,
  `travelEndDate` timestamp NULL DEFAULT NULL,
  `children` int(10) unsigned DEFAULT NULL,
  `adult` int(10) unsigned DEFAULT NULL,
  PRIMARY KEY (`idcustomer`)
) ENGINE=InnoDB AUTO_INCREMENT=143 DEFAULT CHARSET=utf8;
/*!40101 SET character_set_client = @saved_cs_client */;

--
-- Dumping data for table `customer`
--

LOCK TABLES `customer` WRITE;
/*!40000 ALTER TABLE `customer` DISABLE KEYS */;
INSERT INTO `customer` VALUES (1,'pedro','marangoni','2017-08-02 22:00:00','pedro911@gmail.com',5555,'Oslo|Eurowings Flight 2876, Hotel Scandic Helsfyr |4300','2017-07-02 22:00:00','2017-07-19 22:00:00',0,1),(2,'tttt','sssss','2017-07-11 22:00:00','pedro911@gmail.com',888,'Gori|Pegasus Airlines Flight 170,  Hotel Guest House Nitza|1500','2017-07-04 22:00:00','2017-07-25 22:00:00',0,1),(3,'pedro','marangoni','2017-08-02 22:00:00','pedro911@gmail.com',5555,'Male|Airberlin Flight 2398, Hotel Jen Male|4200','2017-07-02 22:00:00','2017-07-19 22:00:00',0,3),(4,'test5','test656','2017-07-19 22:00:00','pedro911@gmail.com',4986,'null','2017-07-10 22:00:00','2017-07-19 22:00:00',0,1),(5,'test5','test656','2017-07-19 22:00:00','pedro911@gmail.com',4986,'null','2017-07-10 22:00:00','2017-07-19 22:00:00',0,1),(6,'test5','test656','2017-07-19 22:00:00','pedro911@gmail.com',4986,'null','2017-07-10 22:00:00','2017-07-19 22:00:00',0,1),(7,'test1314','1314','2017-07-03 22:00:00','pedro911@gmail.com',1500,'Tegucigalpa|Air Canada Flight 9603, Hostel Villa Marina|1850','2017-07-16 22:00:00','2017-07-19 22:00:00',2,5),(8,'pedro','marangoni','2017-08-02 22:00:00','pedro911@gmail.com',5555,'Male|Airberlin Flight 2398, Hotel Jen Male|4200','2017-07-02 22:00:00','2017-07-19 22:00:00',0,2),(9,'pedro','marangoni','2017-08-02 22:00:00','pedro911@gmail.com',5555,'Male|Airberlin Flight 2398, Hotel Jen Male|4200','2017-07-02 22:00:00','2017-07-19 22:00:00',0,2),(10,'pedro','marangoni','2017-08-02 22:00:00','pedro911@gmail.com',5555,'Addu Atoll|Airberlin Flight 2399, Hotel Canareef Resort Maldives|5600','2017-07-02 22:00:00','2017-07-19 22:00:00',2,2),(11,'pedro','marangoni','2002-01-27 23:00:00','pedro911@gmail.com',2200,'Shanghai|Air France Flight 3000, Hotel Astor House|7300','2017-07-01 22:00:00','2017-07-10 22:00:00',2,2),(12,'test1151','15jul','2017-07-04 22:00:00','pedro911@gmail.com',1500,'null','2017-06-24 22:00:00','2017-07-19 22:00:00',1,3),(13,'test1704','aaaa','2017-07-03 22:00:00','pedro911@gmail.com',1555,'Istanbul|Turkish Airlines Flight 080,  Hotel Inter Continental|2500','2017-04-29 22:00:00','2017-07-13 22:00:00',0,1),(14,'ddd','aaaa','2017-06-25 22:00:00','pedro911@gmail.com',3000,'null','2017-06-24 22:00:00','2017-07-03 22:00:00',0,1),(15,'ddd','aaaa','2017-06-25 22:00:00','pedro911@gmail.com',3000,'null','2017-06-24 22:00:00','2017-07-03 22:00:00',0,1),(16,'aaav','bbbb','2017-07-02 22:00:00','pedro911@gmail.com',1368,'Budapest|Lufthansa Flight 2030, Hotel Star Inn Budapest Centrum|1900','2017-07-01 22:00:00','2017-07-19 22:00:00',0,3),(17,'ggg','bbb','2017-06-24 22:00:00','pedro911@gmail.com',1555,'Budapest|Lufthansa Flight 2030, Hotel Star Inn Budapest Centrum|1900','2017-06-24 22:00:00','2017-07-11 22:00:00',0,3),(18,'dfff','hhhh','2017-06-25 22:00:00','pedro911@gmail.com',3265,'null','2017-06-24 22:00:00','2017-07-11 22:00:00',0,1),(19,'name','bbb','2017-06-25 22:00:00','pedro911@gmail.com',566,'Budapest|Lufthansa Flight 2030, Hotel Star Inn Budapest Centrum|1900','2017-07-09 22:00:00','2017-07-11 22:00:00',0,1),(20,'aaaaa','bbbbbb','2017-06-25 22:00:00','pedro911@gmail.com',1866,'Phnom Penh|Austrian Airways Flight 3400, Hotel Anise Villa|1900','2017-06-25 22:00:00','2017-07-11 22:00:00',0,1),(21,'aaaaa','bbbbbb','2017-06-25 22:00:00','pedro911@gmail.com',1866,'Phnom Penh|Austrian Airways Flight 3400, Hotel Anise Villa|1900','2017-06-25 22:00:00','2017-07-11 22:00:00',0,1),(22,'aaaaa','bbbbbb','2017-06-25 22:00:00','pedro911@gmail.com',1866,'Phnom Penh|Austrian Airways Flight 3400, Hotel Anise Villa|1900','2017-06-25 22:00:00','2017-07-11 22:00:00',0,2),(23,'wwww','hhhh','2017-06-25 22:00:00','pedro911@gmail.com',1355,'Budapest|Lufthansa Flight 2030, Hotel Star Inn Budapest Centrum|1900','2017-06-24 22:00:00','2017-06-27 22:00:00',0,1),(24,'fghfg','yuyt','2017-06-25 22:00:00','pedro911@gmail.com',655,'Budapest|Lufthansa Flight 2030, Hotel Star Inn Budapest Centrum|1900','2017-06-24 22:00:00','2017-07-02 22:00:00',0,1),(25,'testRemote','remote','2017-06-25 22:00:00','pedro911@gmail.com',565,'La Paz|LATAM Airlines Flight 4210, Hostel Maya|1900 ','2017-06-24 22:00:00','2017-07-03 22:00:00',0,1),(26,'testRemote','remote','2017-06-25 22:00:00','pedro911@gmail.com',565,'La Paz|LATAM Airlines Flight 4210, Hostel Maya|1900 ','2017-06-24 22:00:00','2017-07-03 22:00:00',0,1),(27,'remote','remoteee','2017-07-03 22:00:00','pedro911@gmail.com',546,'null','2017-07-01 22:00:00','2017-07-10 22:00:00',0,1),(28,'remoteee','remote','2017-07-18 22:00:00','pedro911@gmail.com',1636,'Rome|Eurowings Flight 3122, Hotel Barocco|4000 ','2017-06-24 22:00:00','2017-07-12 22:00:00',0,1),(29,'remoteqqq','re','2017-06-25 22:00:00','pedro911@gmail.com',2550,'Dehli|Lufthansa Flight 1199, Hotel Taj Palace|2900','2017-06-24 22:00:00','2017-07-01 22:00:00',0,1),(30,'test','tttt','2017-06-26 22:00:00','pedro911@gmail.com',2005,'null','2017-07-01 22:00:00','2017-07-17 22:00:00',0,1),(31,'nombre1','apellido1','2017-07-01 22:00:00','alejcastro85@hotmail.com',1000,'null','2017-07-18 22:00:00','2017-07-24 22:00:00',1,1),(32,'testquinze','tresquatro','2017-07-02 22:00:00','pedro911@gmail.com',1522,'Budapest|Lufthansa Flight 2030, Hotel Star Inn Budapest Centrum|1900','2017-06-24 22:00:00','2017-06-25 22:00:00',0,1),(33,'remote','cinquentanove','2017-07-03 22:00:00','pedro911@gmail.com',1633,'Budapest|Lufthansa Flight 2030, Hotel Star Inn Budapest Centrum|1900','2017-06-24 22:00:00','2017-08-03 22:00:00',0,1),(34,'wieder','hier','2017-06-25 22:00:00','pedro911@gmail.com',1632,'Budapest|Lufthansa Flight 2030, Hotel Star Inn Budapest Centrum|1900','2017-07-01 22:00:00','2017-07-03 22:00:00',0,1),(35,'testvcindo','ccindo','2017-07-02 22:00:00','pedro911@gmail.com',1653,'Budapest|Lufthansa Flight 2030, Hotel Star Inn Budapest Centrum|1900','2017-06-24 22:00:00','2017-07-10 22:00:00',0,1),(36,'fasd','dfgd','2017-07-24 22:00:00','pedro911@gmail.com',1623,'Budapest|Lufthansa Flight 2030, Hotel Star Inn Budapest Centrum|1900','2017-06-25 22:00:00','2017-07-02 22:00:00',0,1),(37,'name','bbb','2017-07-08 22:00:00','pedro911@gmail.com',1563,'Budapest|Lufthansa Flight 2030, Hotel Star Inn Budapest Centrum|1900','2017-06-24 22:00:00','2017-07-27 22:00:00',0,1),(38,'euuu','aaaa','2017-07-02 22:00:00','pedro911@gmail.com',1266,'Gori|Pegasus Airlines Flight 170,  Hotel Guest House Nitza|1500','2017-06-24 22:00:00','2017-07-12 22:00:00',0,1),(39,'name','sdgdf','2017-06-24 22:00:00','pedro911@gmail.com',1656,'Budapest|Lufthansa Flight 2030, Hotel Star Inn Budapest Centrum|1900','2017-06-24 22:00:00','2017-07-12 22:00:00',0,1),(40,'name','sdgdf','2017-06-24 22:00:00','pedro911@gmail.com',1656,'Budapest|Lufthansa Flight 2030, Hotel Star Inn Budapest Centrum|1900','2017-06-24 22:00:00','2017-07-12 22:00:00',0,1),(41,'name','sdgdf','2017-06-24 22:00:00','pedro911@gmail.com',1656,'Budapest|Lufthansa Flight 2030, Hotel Star Inn Budapest Centrum|1900','2017-06-24 22:00:00','2017-07-12 22:00:00',0,1),(42,'name','sdgdf','2017-06-24 22:00:00','pedro911@gmail.com',1656,'Budapest|Lufthansa Flight 2030, Hotel Star Inn Budapest Centrum|1900','2017-06-24 22:00:00','2017-07-12 22:00:00',0,1),(43,'dexcincodox','aaa','2017-07-03 22:00:00','pedro911@gmail.com',1355,'Budapest|Lufthansa Flight 2030, Hotel Star Inn Budapest Centrum|1900','2017-07-01 22:00:00','2017-07-26 22:00:00',0,1),(44,'aasdf','sdfsd','2017-07-16 22:00:00','pedro911@gmail.com',1354,'Budapest|Lufthansa Flight 2030, Hotel Star Inn Budapest Centrum|1900','2017-07-01 22:00:00','2017-07-11 22:00:00',0,1),(45,'ashdf','sdafg','2017-06-25 22:00:00','pedro911@gmail.com',1356,'Budapest|Lufthansa Flight 2030, Hotel Star Inn Budapest Centrum|1900','2017-06-24 22:00:00','2017-07-11 22:00:00',0,1),(46,'fsdf','ghs','2017-06-24 22:00:00','pedro911@gmail.com',1656,'Budapest|Lufthansa Flight 2030, Hotel Star Inn Budapest Centrum|1900','2017-06-24 22:00:00','2017-07-19 22:00:00',0,1),(47,'sdf','asdg','2017-06-26 22:00:00','pedro911@gmail.com',1656,'Budapest|Lufthansa Flight 2030, Hotel Star Inn Budapest Centrum|1900','2017-06-24 22:00:00','2017-06-26 22:00:00',0,1),(48,'lastTest','asdlkf','2017-06-24 22:00:00','pedro911@gmail.com',1532,'Budapest|Lufthansa Flight 2030, Hotel Star Inn Budapest Centrum|1900','2017-06-24 22:00:00','2017-07-03 22:00:00',0,1),(49,'lastlast','test','2017-07-02 22:00:00','pedro911@gmail.com',1651,'Budapest|Lufthansa Flight 2030, Hotel Star Inn Budapest Centrum|1900','2017-06-24 22:00:00','2017-07-28 22:00:00',0,1),(50,'laaaast','sdf','2017-06-25 22:00:00','pedro911@gmail.com',1356,'Budapest|Lufthansa Flight 2030, Hotel Star Inn Budapest Centrum|1900','2017-06-24 22:00:00','2017-07-04 22:00:00',0,1),(51,'name1','lastname1','2017-06-25 22:00:00','alejcastro85@hotmail.com',233,'Budapest|Lufthansa Flight 2030, Hotel Star Inn Budapest Centrum|1900','2017-07-17 22:00:00','2017-07-26 22:00:00',0,1),(52,'name1','lastname1','2017-07-18 22:00:00','alejcastro85@hotmail.com',233,'Budapest|Lufthansa Flight 2030, Hotel Star Inn Budapest Centrum|1900','2017-07-18 22:00:00','2017-07-20 22:00:00',0,1),(53,'name1','lastname1','2017-07-11 22:00:00','alejcastro85@hotmail.com',4,'Budapest|Lufthansa Flight 2030, Hotel Star Inn Budapest Centrum|1900','2017-07-18 22:00:00','2017-07-26 22:00:00',0,1),(54,'name2','lastname2','2017-07-16 22:00:00','alejcastro85@hotmail.com',14,'Rome|Eurowings Flight 3122, Hotel Barocco|4000 ','2017-07-18 22:00:00','2017-07-25 22:00:00',0,1),(55,'name3','lastname3','2017-07-10 22:00:00','alejcastro85@hotmail.com',4,'null','2017-07-09 22:00:00','2017-07-18 22:00:00',1,1),(56,'name3','lastname3','2017-07-10 22:00:00','alejcastro85@hotmail.com',4888,'Manchester|Luthansa Flight 5439, Hotel Britannia Hotel City Centre|3900','2017-07-09 22:00:00','2017-07-18 22:00:00',1,1),(57,'Silvia','Jacome','2017-05-27 22:00:00','silvi.jacome@gmai.com',500,'New York|Lufthansa Flight 5321, Hotel New York Marriott Marquis|5100','2017-12-14 23:00:00','2017-12-29 23:00:00',0,2),(58,'Silvia','Jacome','2017-07-03 22:00:00','silvi.jacome@gmail.com',5000,'Oslo|Eurowings Flight 2876, Hotel Scandic Helsfyr |4300','2017-07-27 22:00:00','2017-08-03 22:00:00',2,3),(59,'aaa','vvv','2017-06-25 22:00:00','pedro911@gmail.com',1563,'Budapest|Lufthansa Flight 2030, Hotel Star Inn Budapest Centrum|1900','2017-06-24 22:00:00','2017-07-03 22:00:00',0,1),(60,'asdf','asdfas','2017-06-24 22:00:00','pedro911@gmail.com',1651,'Budapest|Lufthansa Flight 2030, Hotel Star Inn Budapest Centrum|1900','2017-07-02 22:00:00','2017-07-10 22:00:00',0,1),(61,'sdfs','asdfas','2017-07-09 22:00:00','pedro911@gmail.com',1656,'Budapest|Lufthansa Flight 2030, Hotel Star Inn Budapest Centrum|1900','2017-06-24 22:00:00','2017-07-04 22:00:00',0,1),(62,'myname','aaaaa','2017-06-24 22:00:00','pedro911@gmail.com',1635,'Budapest|Lufthansa Flight 2030, Hotel Star Inn Budapest Centrum|1900','2017-06-24 22:00:00','2017-07-12 22:00:00',0,1),(63,'aaaaf','ffff','2017-07-02 22:00:00','pedro911@gmail.com',1632,'Budapest|Lufthansa Flight 2030, Hotel Star Inn Budapest Centrum|1900','2017-06-25 22:00:00','2017-07-12 22:00:00',0,1),(64,'sdfgsd','gsdfg','2017-07-03 22:00:00','pedro911@gmail.com',1653,'Budapest|Lufthansa Flight 2030, Hotel Star Inn Budapest Centrum|1900','2017-07-02 22:00:00','2017-07-11 22:00:00',0,1),(65,'afgdf','dfgdf','2017-07-02 22:00:00','pedro911@gmail.com',2800,'Dubai|Turkish Arilines Flight 9822, Hotel Al Raien|2700 ','2017-06-25 22:00:00','2017-07-03 22:00:00',0,1),(66,'sdfsd','sdfsd','2017-06-24 22:00:00','pedro911@gmail.com',1653,'Budapest|Lufthansa Flight 2030, Hotel Star Inn Budapest Centrum|1900','2017-06-25 22:00:00','2017-07-03 22:00:00',0,1),(67,'asdfasd','asdfasdf','2017-07-02 22:00:00','pedro911@gmail.com',1653,'Budapest|Lufthansa Flight 2030, Hotel Star Inn Budapest Centrum|1900','2017-06-24 22:00:00','2017-06-25 22:00:00',0,1),(68,'dfgd','gdfgd','2017-07-09 22:00:00','pedro911@gmail.com',1999,'Budapest|Lufthansa Flight 2030, Hotel Star Inn Budapest Centrum|1900','2017-07-01 22:00:00','2017-07-10 22:00:00',0,1),(69,'fasdf','asdfa','2017-07-09 22:00:00','pedro911@gmail.com',1635,'Budapest|Lufthansa Flight 2030, Hotel Star Inn Budapest Centrum|1900','2017-07-02 22:00:00','2017-07-11 22:00:00',0,1),(70,'nameeee','aaaaa','2017-06-25 22:00:00','pedro911@gmail.com',1563,'Budapest|Lufthansa Flight 2030, Hotel Star Inn Budapest Centrum|1900','2017-06-24 22:00:00','2017-07-11 22:00:00',0,1),(71,'sdfgsdf','sdfgwdfg','2017-06-25 22:00:00','pedro911@gmail.com',2681,'Brno|Lufthansa Flight 109, Hotel Barcelo Brno Palace|2600','2017-06-24 22:00:00','2017-07-03 22:00:00',0,1),(72,'fgrth','rtr','2017-06-25 22:00:00','pedro911@gmail.com',1966,'Budapest|Lufthansa Flight 2030, Hotel Star Inn Budapest Centrum|1900','2017-06-25 22:00:00','2017-07-03 22:00:00',0,1),(73,'asdfa','asdf','2017-06-26 22:00:00','pedro911@gmail.com',5165,'La Ceiba|American Airlines Flight 2488, Hotel Carnaval|3200 ','2017-07-02 22:00:00','2017-06-26 22:00:00',0,1),(74,'asdfa','asdf','2017-06-26 22:00:00','pedro911@gmail.com',5165,'La Ceiba|American Airlines Flight 2488, Hotel Carnaval|3200 ','2017-07-02 22:00:00','2017-06-26 22:00:00',0,1),(75,'asdfa','asdf','2017-06-26 22:00:00','pedro911@gmail.com',5165,'La Ceiba|American Airlines Flight 2488, Hotel Carnaval|3200 ','2017-07-02 22:00:00','2017-06-26 22:00:00',0,1),(76,'asdfa','asdf','2017-06-26 22:00:00','pedro911@gmail.com',5165,'La Ceiba|American Airlines Flight 2488, Hotel Carnaval|3200 ','2017-07-02 22:00:00','2017-06-26 22:00:00',0,1),(77,'asdfa','asdf','2017-06-26 22:00:00','pedro911@gmail.com',5165,'La Ceiba|American Airlines Flight 2488, Hotel Carnaval|3200 ','2017-07-02 22:00:00','2017-06-26 22:00:00',0,1),(78,'asdfa','asdf','2017-06-26 22:00:00','pedro911@gmail.com',5165,'La Ceiba|American Airlines Flight 2488, Hotel Carnaval|3200 ','2017-07-02 22:00:00','2017-06-26 22:00:00',0,1),(79,'asdfa','asdf','2017-06-26 22:00:00','pedro911@gmail.com',5165,'La Ceiba|American Airlines Flight 2488, Hotel Carnaval|3200 ','2017-07-02 22:00:00','2017-06-26 22:00:00',0,1),(80,'sdfsdf','gdfgdf','2017-07-02 22:00:00','pedro911@gmail.com',3562,'Oslo|Eurowings Flight 2876, Hotel Scandic Helsfyr |4300','2017-06-24 22:00:00','2017-07-11 22:00:00',0,1),(81,'lasttesttoday','asdfasd','2017-06-25 22:00:00','pedro911@gmail.com',2578,'Shanghai| Air France Flight 3000, Hotel Hilton Shanghai Hongqiao|6100','2017-06-24 22:00:00','2017-07-11 22:00:00',0,1),(82,'asdfasdf','asdf','2017-07-09 22:00:00','pedro911@gmail.com',5675,'Santa Cruz|LATAM Airlines Flight 2300, Hotel Radisson Santa Cruz|4300','2017-06-24 22:00:00','2017-07-05 22:00:00',0,1),(83,'laaast','safda','2017-06-26 22:00:00','pedro911@gmail.com',1863,'Male|Airberlin Flight 2398, Hotel Jen Male|4200','2017-06-24 22:00:00','2017-06-25 22:00:00',0,1),(84,'Leo','Greu','2017-07-05 22:00:00','abc@abc.de',5000,'New York|Lufthansa Flight 5321, Hotel New York Marriott Marquis|5100','2017-07-21 22:00:00','2017-08-23 22:00:00',0,1),(85,'Abc','Abc','2017-07-03 22:00:00','a@c.de',1000,'Paris|Eurowings Flight 5321, Hotel Pullman Paris Tour Eiffel|4200','2017-07-21 22:00:00','2017-07-28 22:00:00',0,1),(86,'A','B','2017-07-02 22:00:00','',1000,'Budapest|Lufthansa Flight 2030, Hotel Star Inn Budapest Centrum|1900','2017-07-31 22:00:00','2017-08-04 22:00:00',0,1),(87,'a','b','2017-06-24 22:00:00','a@a.de',0,'Budapest|Lufthansa Flight 2030, Hotel Star Inn Budapest Centrum|1900','2017-06-25 22:00:00','2017-06-21 22:00:00',0,1),(88,'a','b','2017-06-24 22:00:00','a@a.de',0,'Budapest|Lufthansa Flight 2030, Hotel Star Inn Budapest Centrum|1900','2017-06-26 22:00:00','2017-06-27 22:00:00',0,1),(89,'a','a','2017-07-20 22:00:00','a@a.de',2,'Rome|Eurowings Flight 3122, Hotel Barocco|4000 ','2017-07-03 22:00:00','2017-12-06 23:00:00',0,1),(90,'T','U','2017-06-30 22:00:00','asdsad@web.de',5000,'Oslo|Eurowings Flight 2876, Hotel Scandic Helsfyr |4300','2017-08-08 22:00:00','2017-08-14 22:00:00',0,1),(91,'a','a','2017-07-01 22:00:00','a@a.de',0,'Rome|Eurowings Flight 3122, Hotel Barocco|4000 ','2017-06-26 22:00:00','2017-06-28 22:00:00',0,1),(92,'a','a','2017-06-24 22:00:00','a@a.de',0,'Rome|Eurowings Flight 3122, Hotel Barocco|4000 ','2017-06-24 22:00:00','2017-06-27 22:00:00',0,1),(93,'a','a','2017-06-24 22:00:00','a@a.de',0,'Sandefjord|KLM Flight 3211, Hotel Scandic Park Sandefjord|4800','2017-06-26 22:00:00','2017-06-28 22:00:00',0,1),(94,'A','A','2017-07-04 22:00:00','a@a.de',5000,'Oslo|Eurowings Flight 2876, Hotel Scandic Helsfyr |4300','2017-07-28 22:00:00','2017-07-29 22:00:00',1,1),(95,'A','A','2017-07-25 22:00:00','a@a.de',5000,'Oslo|Eurowings Flight 2876, Hotel Scandic Helsfyr |4300','2017-07-26 22:00:00','2017-07-27 22:00:00',0,1),(96,'a','a','2017-06-24 22:00:00','a@a.de',0,'London| Lufthansa Flight 2987, Hotel Marriot|4400','2017-06-24 22:00:00','2017-06-25 22:00:00',0,1),(97,'A','A','2017-06-24 22:00:00','a@a.de',0,'London| Lufthansa Flight 2987, Hotel Marriot|4400','2017-06-26 22:00:00','2017-06-28 22:00:00',0,1),(98,'a','a','2017-06-24 22:00:00','a@a.de',0,'London| Lufthansa Flight 2987, Hotel Marriot|4400','2017-06-26 22:00:00','2017-06-27 22:00:00',0,1),(99,'a','a','2017-06-24 22:00:00','a@a.de',0,'Rome|Eurowings Flight 3122, Hotel Barocco|4000 ','2017-06-25 22:00:00','2017-06-26 22:00:00',0,1),(100,'a','a','2017-06-24 22:00:00','a@a.de',0,'London| Lufthansa Flight 2987, Hotel Marriot|4400','2017-05-28 22:00:00','2017-06-25 22:00:00',0,1),(101,'A','A','2017-07-20 22:00:00','sss@web.de',1000,'Sandefjord|KLM Flight 3211, Hotel Scandic Park Sandefjord|4800','2017-08-01 22:00:00','2017-08-01 22:00:00',0,2),(102,'asdfasd','asdfasd','2017-06-24 22:00:00','pedro911@gmail.com',1563,'La Paz|LATAM Airlines Flight 4210, Hostel Maya|1900 ','2017-06-24 22:00:00','2017-07-03 22:00:00',0,1),(103,'sadfa','asedf','2017-07-09 22:00:00','pedro911@gmail.com',1563,'Dubai|Turkish Arilines Flight 9822, Hotel Al Raien|2700 ','2017-06-24 22:00:00','2017-07-11 22:00:00',0,1),(104,'sdfgs','sdfgsd','2017-07-09 22:00:00','pedro911@gmail.com',1359,'New York|Lufthansa Flight 5321, Hotel New York Marriott Marquis|5100','2017-06-25 22:00:00','2017-07-03 22:00:00',0,1),(105,'fasdf','asdfa','2017-07-09 22:00:00','pedro911@gmail.com',2645,'Eger|Germanwings Flight 4100, Hotel Korona|3200 ','2017-06-24 22:00:00','2017-07-10 22:00:00',0,1),(106,'dfgsdf','sdfgdfg','2017-07-02 22:00:00','pedro911@gmail.com',1656,'Dehli|Lufthansa Flight 1199, Hotel Taj Palace|2900','2017-06-25 22:00:00','2017-07-10 22:00:00',0,1),(107,'myName','lastname','2017-07-02 22:00:00','pedro911@gmail.com',2634,'New York|Lufthansa Flight 5321, Hotel New York Marriott Marquis|5100','2017-07-02 22:00:00','2017-07-10 22:00:00',0,1),(108,'aaaaa','vvvv','2017-07-03 22:00:00','pedro911@gmail.com',1963,'Male|Airberlin Flight 2398, Hotel Jen Male|4200','2017-06-24 22:00:00','2017-07-04 22:00:00',0,1),(109,'aaavvv','bbb','2017-07-03 22:00:00','pedro911@gmail.com',500,'Paris|Eurowings Flight 5321, Hotel Pullman Paris Tour Eiffel|4200','2017-07-02 22:00:00','2017-07-12 22:00:00',0,1),(110,'naaameee','sdfsdf','2017-07-09 22:00:00','pedro911@gmail.com',986,'Dubai|Turkish Arilines Flight 9822, Hotel Al Raien|2700 ','2017-06-24 22:00:00','2017-07-19 22:00:00',0,1),(111,'name','bbb','2017-07-10 22:00:00','pedro911@gmail.com',1893,'Istanbul|Turkish Airlines Flight 080,  Hotel Inter Continental|2500','2017-01-09 23:00:00','2017-07-03 22:00:00',0,1),(112,'asdfas','asdfasd','2017-07-03 22:00:00','pedro911@gmail.com',2463,'Siem Reap|Lufthansa Flight 3856, Park Hyatt Siem Reap|2880','2017-07-02 22:00:00','2017-07-05 22:00:00',0,1),(113,'a','a','2017-06-24 22:00:00','a@a.de',1200,'Rome|Eurowings Flight 3122, Hotel Barocco|4000 ','2017-05-29 22:00:00','2017-06-28 22:00:00',0,1),(114,'nameeee','asdf','2017-07-02 22:00:00','pedro911@gmail.com',1689,'Phnom Penh|Austrian Airways Flight 3400, Hotel Anise Villa|1900','2017-06-24 22:00:00','2017-07-03 22:00:00',2,3),(115,'nameee','asdfasd','2017-07-02 22:00:00','pedro911@gmail.com',2654,'Bali|Singapore Airlines Flight 2120, Hotel Semawang Beach|2900','2017-06-24 22:00:00','2017-07-11 22:00:00',2,2),(116,'nameeee','gfdgd','2017-06-24 22:00:00','pedro911@gmail.com',2600,'Bali|Singapore Airlines Flight 2120, Hotel Semawang Beach|2900','2017-06-24 22:00:00','2017-07-05 22:00:00',2,3),(117,'name','last','2017-06-24 22:00:00','pedro911@gmail.com',3000,'Tbilisi|Turkish Airlines Flight 171, Hotel Holiday Inn|2400','2017-06-24 22:00:00','2017-07-12 22:00:00',2,3),(118,'a','a','2017-06-24 22:00:00','a@a.de',3500,'Oslo|Eurowings Flight 2876, Hotel Scandic Helsfyr |4300','2017-06-24 22:00:00','2017-06-26 22:00:00',0,1),(119,'a','a','2017-06-24 22:00:00','a@a.de',6000,'Eger|Germanwings Flight 4100, Hotel Korona|3200 ','2017-06-25 22:00:00','2017-06-27 22:00:00',0,1),(120,'a','a','2017-06-25 22:00:00','a@a.de',7000,'Eger|Germanwings Flight 4100, Hotel Korona|3200 ','2017-06-26 22:00:00','2017-06-29 22:00:00',2,3),(121,'a','a','2017-06-24 22:00:00','a@a.de',6000,'Eger|Germanwings Flight 4100, Hotel Korona|3200 ','2017-06-26 22:00:00','2017-06-28 22:00:00',0,1),(122,'aaaaaaa','ggggg','2017-06-25 22:00:00','pedro911@gmail.com',5600,'Eger|Germanwings Flight 4100, Hotel Korona|3200 ','2017-06-24 22:00:00','2017-07-03 22:00:00',1,3),(123,'nameee','lasttt','2017-07-09 22:00:00','pedro911@gmail.com',5500,'Jaipur|Etihad Airways Flight 2900, Hotel Jas Vilas|3200','2017-06-24 22:00:00','2017-07-03 22:00:00',1,2),(124,'customerName','lastname','2017-06-25 22:00:00','pedro911@gmail.com',7500,'Dubai|Turkish Airlines Flight 9822, Hotel Tulip|2400','2017-06-24 22:00:00','2017-07-18 22:00:00',2,3),(125,'customerName','lastname','2017-06-24 22:00:00','pedro911@gmail.com',8500,'Nice|Germanwings Flight 4398, Hotel Novotel Nice Centre Vieux Nice|3900','2017-06-24 22:00:00','2017-06-27 22:00:00',1,2),(126,'asdfasd','asdfa','2017-06-26 22:00:00','pedro911@gmail.com',5600,'Eger|Germanwings Flight 4100, Hotel Korona|3200 ','2017-06-24 22:00:00','2017-07-04 22:00:00',1,2),(127,'aaa','ddd','2017-07-11 22:00:00','alejcastro85@hotmail.com',10,'Shanghai|Air France Flight 3000, Hotel Astor House|7300','2017-07-04 22:00:00','2017-07-26 22:00:00',2,3),(128,'www','eee','2017-07-18 22:00:00','alejcastro85@hotmail.com',6,'Melbourne|Emirates Flight 4298, Hotel Windsor|5900','2017-07-03 22:00:00','2017-08-01 22:00:00',2,3),(129,'ff','ggg','2017-07-03 22:00:00','alejcastro85@hotmail.com',11,'Prague|Germanwings Flight 5509, Hotel Maximilian|1900','2017-07-18 22:00:00','2017-07-19 22:00:00',2,3),(130,'ggg','hhh','2017-07-17 22:00:00','alejcastro85@hotmail.com',7,'Prague|Germanwings Flight 5509, Hotel Maximilian|1900','2017-07-11 22:00:00','2017-07-26 22:00:00',2,3),(131,'wws','ssw','2017-07-12 22:00:00','alejcastro85@hotmail.com',3,'Prague|Germanwings Flight 5509, Hotel Maximilian|1900','2017-07-19 22:00:00','2017-07-18 22:00:00',5,3),(132,'asdfasd','last','2017-06-24 22:00:00','pedro911@gmail.com',5600,'Miami|American Airlines Flight 7644, Hotel Crown Plaza|4200','2017-06-24 22:00:00','2017-07-09 22:00:00',1,2),(133,'naaame','asdfas','2017-07-11 22:00:00','pedro911@gmail.com',5600,'Eger|Germanwings Flight 4100, Hotel Korona|3200 ','2017-06-25 22:00:00','2017-07-12 22:00:00',1,3),(134,'name','bbb','2017-07-09 22:00:00','pedro911@gmail.com',8500,'Eger|Germanwings Flight 4100, Hotel Korona|3200 ','2017-06-24 22:00:00','2017-06-26 22:00:00',1,2),(135,'naaameee','sdfsd','2017-07-03 22:00:00','pedro911@gmail.com',5500,'Canberra|Emirates Flight 3217, Hotel Avenue|4900','2017-06-24 22:00:00','2017-07-19 22:00:00',1,2),(136,'asdfasdf','asdfasd','2017-07-04 22:00:00','pedro911@gmail.com',8500,'Bali|Singapore Airlines Flight 2120, Hotel Le Meridien Bali Jimbaran|3900','2017-06-25 22:00:00','2017-07-04 22:00:00',0,1),(137,'dfgsdf','sdfgsdf','2017-06-25 22:00:00','pedro911@gmail.com',9600,'Miami|American Airlines Flight 7644, Hotel Crown Plaza|4200','2017-06-24 22:00:00','2017-07-12 22:00:00',1,2),(138,'asdfga','gdfs','2017-07-02 22:00:00','pedro911@gmail.com',5000,'Brno|Lufthansa Flight 109, Hotel Barcelo Brno Palace|2600','2017-06-25 22:00:00','2017-06-26 22:00:00',0,1),(139,'aaaa','fffff','2017-07-03 22:00:00','pedro911@gmail.com',8400,'Bali|Singapore Airlines Flight 2120, Hotel Semawang Beach|2900','2017-07-16 22:00:00','2017-07-26 22:00:00',1,2),(140,'pedro','mar','2017-07-03 22:00:00','pedro911@gmail.com',8500,'Bali|Singapore Airlines Flight 2120, Hotel Le Meridien Bali Jimbaran|3900','2017-07-01 22:00:00','2017-07-19 22:00:00',0,1),(141,'fasdfsa','asdf','2017-07-17 22:00:00','pedro911@gmail.com',8000,'Eger|Germanwings Flight 4100, Hotel Korona|3200 ','2017-07-02 22:00:00','2017-07-03 22:00:00',0,1),(142,'asdfa','asdf','2017-07-04 22:00:00','pedro911@gmail.com',6899,'Eger|Germanwings Flight 4100, Hotel Korona|3200 ','2017-07-03 22:00:00','2017-07-05 22:00:00',0,1);
/*!40000 ALTER TABLE `customer` ENABLE KEYS */;
UNLOCK TABLES;

--
-- Table structure for table `emtour_recommendation`
--

DROP TABLE IF EXISTS `emtour_recommendation`;
/*!40101 SET @saved_cs_client     = @@character_set_client */;
/*!40101 SET character_set_client = utf8 */;
CREATE TABLE `emtour_recommendation` (
  `idemtour_recommendation` int(11) NOT NULL AUTO_INCREMENT,
  `customer_idcustomer` int(10) unsigned NOT NULL,
  `price` double DEFAULT NULL,
  `description` varchar(255) DEFAULT NULL,
  `desiredCity` varchar(255) DEFAULT NULL,
  PRIMARY KEY (`idemtour_recommendation`),
  KEY `emtour_recommendation_FKIndex1` (`customer_idcustomer`)
) ENGINE=InnoDB AUTO_INCREMENT=17 DEFAULT CHARSET=utf8;
/*!40101 SET character_set_client = @saved_cs_client */;

--
-- Dumping data for table `emtour_recommendation`
--

LOCK TABLES `emtour_recommendation` WRITE;
/*!40000 ALTER TABLE `emtour_recommendation` DISABLE KEYS */;
INSERT INTO `emtour_recommendation` VALUES (1,122,3200,'Germanwings Flight 4100, Hotel Korona','Eger'),(2,123,3200,'Etihad Airways Flight 2900, Hotel Jas Vilas','Jaipur'),(3,124,2400,'Turkish Airlines Flight 9822, Hotel Tulip','Dubai'),(4,125,3900,'Germanwings Flight 4398, Hotel Novotel Nice Centre Vieux Nice','Nice'),(5,126,3200,'Germanwings Flight 4100, Hotel Korona','Eger'),(6,132,4200,'American Airlines Flight 7644, Hotel Crown Plaza','Miami'),(7,133,3200,'Germanwings Flight 4100, Hotel Korona','Eger'),(8,134,3200,'Germanwings Flight 4100, Hotel Korona','Eger'),(9,135,4900,'Emirates Flight 3217, Hotel Avenue','Canberra'),(10,136,3900,'Singapore Airlines Flight 2120, Hotel Le Meridien Bali Jimbaran','Bali'),(11,137,4200,'American Airlines Flight 7644, Hotel Crown Plaza','Miami'),(12,138,2600,'Lufthansa Flight 109, Hotel Barcelo Brno Palace','Brno'),(13,139,2900,'Singapore Airlines Flight 2120, Hotel Semawang Beach','Bali'),(14,140,3900,'Singapore Airlines Flight 2120, Hotel Le Meridien Bali Jimbaran','Bali'),(15,141,3200,'Germanwings Flight 4100, Hotel Korona','Eger'),(16,142,3200,'Germanwings Flight 4100, Hotel Korona','Eger');
/*!40000 ALTER TABLE `emtour_recommendation` ENABLE KEYS */;
UNLOCK TABLES;

--
-- Table structure for table `funspark_recommendation`
--

DROP TABLE IF EXISTS `funspark_recommendation`;
/*!40101 SET @saved_cs_client     = @@character_set_client */;
/*!40101 SET character_set_client = utf8 */;
CREATE TABLE `funspark_recommendation` (
  `idfunspark_recommendation` int(10) unsigned NOT NULL AUTO_INCREMENT,
  `emtour_recommendation_idemtour_recommendation` int(11) NOT NULL,
  `price` varchar(255) DEFAULT NULL,
  `description` varchar(255) DEFAULT NULL,
  PRIMARY KEY (`idfunspark_recommendation`),
  KEY `funspark_recommendation_FKIndex1` (`emtour_recommendation_idemtour_recommendation`)
) ENGINE=InnoDB AUTO_INCREMENT=14 DEFAULT CHARSET=utf8;
/*!40101 SET character_set_client = @saved_cs_client */;

--
-- Dumping data for table `funspark_recommendation`
--

LOCK TABLES `funspark_recommendation` WRITE;
/*!40000 ALTER TABLE `funspark_recommendation` DISABLE KEYS */;
INSERT INTO `funspark_recommendation` VALUES (1,5,'55;66;88','Boat Cruise on the Canal;Welcome to Manchester: Private Guided Tour;Hard Rock Café (Without Waiting Time)'),(2,6,'55;66;88','Boat Cruise on the Canal;Welcome to Manchester: Private Guided Tour;Hard Rock Café (Without Waiting Time)'),(3,6,'55;66;88','Boat Cruise on the Canal;Welcome to Manchester: Private Guided Tour;Hard Rock Café (Without Waiting Time)'),(4,7,'55;66;88','Boat Cruise on the Canal;Welcome to Manchester: Private Guided Tour;Hard Rock Café (Without Waiting Time)'),(5,8,'55;66;88','Boat Cruise on the Canal;Welcome to Manchester Private Guided Tour;Hard Rock Café (Without Waiting Time)'),(6,9,'55;66;88','Boat Cruise on the Canal;Welcome to Manchester Private Guided Tour;Hard Rock Café (Without Waiting Time)'),(7,10,'55;66;88','Boat Cruise on the Canal;Welcome to Manchester: Private Guided Tour;Hard Rock Café (Without Waiting Time)'),(8,11,'55;66;88','Boat Cruise on the Canal;Welcome to Manchester: Private Guided Tour;Hard Rock Café (Without Waiting Time)'),(9,12,'55;66;88','Boat Cruise on the Canal;Welcome to Manchester: Private Guided Tour;Hard Rock Café (Without Waiting Time)'),(10,15,'55;66;88','Boat Cruise on the Canal;Welcome to Manchester: Private Guided Tour;Hard Rock Café (Without Waiting Time)'),(11,16,'55;66;88','Boat Cruise on the Canal;Welcome to Manchester: Private Guided Tour;Hard Rock Café (Without Waiting Time)'),(12,16,'55;66;88','Boat Cruise on the Canal;Welcome to Manchester: Private Guided Tour;Hard Rock Café (Without Waiting Time)'),(13,16,'55;66;88','Boat Cruise on the Canal;Welcome to Manchester: Private Guided Tour;Hard Rock Café (Without Waiting Time)');
/*!40000 ALTER TABLE `funspark_recommendation` ENABLE KEYS */;
UNLOCK TABLES;
/*!40103 SET TIME_ZONE=@OLD_TIME_ZONE */;

/*!40101 SET SQL_MODE=@OLD_SQL_MODE */;
/*!40014 SET FOREIGN_KEY_CHECKS=@OLD_FOREIGN_KEY_CHECKS */;
/*!40014 SET UNIQUE_CHECKS=@OLD_UNIQUE_CHECKS */;
/*!40101 SET CHARACTER_SET_CLIENT=@OLD_CHARACTER_SET_CLIENT */;
/*!40101 SET CHARACTER_SET_RESULTS=@OLD_CHARACTER_SET_RESULTS */;
/*!40101 SET COLLATION_CONNECTION=@OLD_COLLATION_CONNECTION */;
/*!40111 SET SQL_NOTES=@OLD_SQL_NOTES */;

-- Dump completed on 2017-07-24 11:08:30
